subjectid,flanker_rt,flanker_accuracy,flanker_error_rate,stroop_rt,stroop_accuracy,stroop_error_rate,sart_rt,sart_accuracy,sart_error_rate
1,378.2206896551724,0.9724137931034482,0.02758620689655178,747.2805755395683,0.9496402877697842,0.05035971223021585,558.6180904522613,0.9849246231155779,0.015075376884422065
2,705.2206896551725,0.896551724137931,0.10344827586206895,947.6974789915967,0.9747899159663865,0.025210084033613467,351.96491228070175,0.9005847953216374,0.09941520467836262
3,456.07586206896553,0.9655172413793104,0.03448275862068961,732.0869565217391,0.9927536231884058,0.007246376811594235,352.40425531914894,0.925531914893617,0.07446808510638303
4,376.04137931034484,0.9862068965517241,0.01379310344827589,714.1176470588235,0.9558823529411765,0.044117647058823484,284.26271186440675,0.9067796610169492,0.09322033898305082
5,504.6758620689655,0.993103448275862,0.006896551724137945,661.0583941605839,0.9343065693430657,0.06569343065693434,317.84285714285716,0.9380952380952381,0.06190476190476191
6,547.1862068965518,0.9862068965517241,0.01379310344827589,1059.8045112781954,0.518796992481203,0.48120300751879697,449.6040609137056,0.949238578680203,0.050761421319796995
7,459.09655172413795,0.9793103448275862,0.020689655172413834,1172.4224137931035,0.9827586206896551,0.017241379310344862,434.92118226600985,0.9310344827586207,0.06896551724137934
8,452.2068965517241,0.9862068965517241,0.01379310344827589,951.6350364963504,0.9781021897810219,0.021897810218978075,325.81775700934577,0.9112149532710281,0.08878504672897192
9,447.1655172413793,0.9793103448275862,0.020689655172413834,728.8920863309353,0.9640287769784173,0.03597122302158273,280.61224489795916,0.8928571428571429,0.1071428571428571
10,439.5931034482759,0.9655172413793104,0.03448275862068961,926.8872180451128,0.9097744360902256,0.09022556390977443,330.15942028985506,0.9033816425120773,0.09661835748792269
11,517.4413793103448,1.0,0.0,1100.9489795918366,0.9285714285714286,0.0714285714285714,444.4247311827957,0.9086021505376344,0.09139784946236562
12,447.8689655172414,1.0,0.0,693.6071428571429,1.0,0.0,426.935960591133,0.9852216748768473,0.014778325123152691
13,423.51724137931035,1.0,0.0,839.2296296296296,1.0,0.0,315.0551181102362,0.9291338582677166,0.07086614173228345
14,482.48275862068965,0.9241379310344827,0.07586206896551728,645.3478260869565,0.9202898550724637,0.07971014492753625,295.8201058201058,0.9047619047619048,0.09523809523809523
15,418.0827586206897,0.9517241379310345,0.0482758620689655,807.8507462686567,0.9328358208955224,0.06716417910447758,283.86021505376345,0.9247311827956989,0.07526881720430112
16,477.048275862069,0.9793103448275862,0.020689655172413834,895.0149253731344,0.9776119402985075,0.02238805970149249,318.02010050251255,0.9045226130653267,0.09547738693467334
17,382.82758620689657,0.9793103448275862,0.020689655172413834,593.4928571428571,0.9428571428571428,0.05714285714285716,259.19883040935673,0.8771929824561403,0.1228070175438597
18,408.6275862068965,1.0,0.0,764.2142857142857,0.9785714285714285,0.021428571428571463,381.6601941747573,0.970873786407767,0.029126213592232997
19,483.0551724137931,0.9655172413793104,0.03448275862068961,738.8175182481751,0.9343065693430657,0.06569343065693434,374.8421052631579,0.9022556390977443,0.09774436090225569
20,408.36551724137934,0.9862068965517241,0.01379310344827589,595.2857142857143,0.9571428571428572,0.042857142857142816,485.57377049180326,0.9344262295081968,0.06557377049180324
21,413.8344827586207,0.9862068965517241,0.01379310344827589,936.5839416058394,0.9635036496350365,0.03649635036496346,335.3778801843318,0.9032258064516129,0.09677419354838712
22,485.8758620689655,1.0,0.0,909.7185185185185,0.9925925925925926,0.007407407407407418,378.1039603960396,0.9851485148514851,0.014851485148514865
23,412.68275862068964,0.993103448275862,0.006896551724137945,733.1714285714286,0.9714285714285714,0.02857142857142858,306.0792079207921,0.9108910891089109,0.08910891089108908
24,629.0206896551724,1.0,0.0,877.6992481203008,1.0,0.0,478.807881773399,0.9852216748768473,0.014778325123152691
25,485.9862068965517,0.9793103448275862,0.020689655172413834,746.2482014388489,0.9712230215827338,0.02877697841726623,504.569587628866,0.9510309278350515,0.0489690721649485
26,681.3724137931034,0.9793103448275862,0.020689655172413834,1091.206611570248,0.9834710743801653,0.016528925619834656,438.3177083333333,0.953125,0.046875
27,406.21379310344827,0.9793103448275862,0.020689655172413834,719.4748201438849,0.9640287769784173,0.03597122302158273,346.37914691943126,0.9383886255924171,0.06161137440758291
28,371.25925925925924,0.9777777777777777,0.022222222222222254,599.7338129496403,0.9784172661870504,0.021582733812949617,280.14864864864865,0.9459459459459459,0.05405405405405406
29,501.2068965517241,0.9862068965517241,0.01379310344827589,1273.039603960396,0.9603960396039604,0.03960396039603964,596.7777777777778,0.9735449735449735,0.02645502645502651
30,487.4344827586207,0.993103448275862,0.006896551724137945,778.1212121212121,0.9696969696969697,0.030303030303030276,369.3203883495146,0.9563106796116505,0.043689320388349495
31,734.2965517241379,0.9724137931034482,0.02758620689655178,811.6102941176471,0.9485294117647058,0.05147058823529416,349.0046296296296,0.9259259259259259,0.07407407407407407
32,624.4758620689655,1.0,0.0,1010.4274193548387,0.967741935483871,0.032258064516129004,364.06542056074767,0.9252336448598131,0.07476635514018692
33,419.5655172413793,0.9586206896551724,0.04137931034482756,1006.2076923076924,0.9692307692307692,0.03076923076923077,348.4271844660194,0.9611650485436893,0.03883495145631066
34,428.0827586206897,0.993103448275862,0.006896551724137945,885.4586466165414,0.8947368421052632,0.10526315789473684,518.1648351648352,0.9230769230769231,0.07692307692307687
35,391.26206896551724,0.9862068965517241,0.01379310344827589,775.4233576642335,0.9197080291970803,0.08029197080291972,275.1945945945946,0.9081081081081082,0.09189189189189184
36,366.1310344827586,0.993103448275862,0.006896551724137945,606.3642857142858,0.9857142857142858,0.014285714285714235,530.5490196078431,0.9803921568627451,0.019607843137254943
37,504.3241379310345,0.993103448275862,0.006896551724137945,934.043795620438,0.9927007299270073,0.007299270072992692,465.32850241545896,0.9468599033816425,0.0531400966183575
38,440.64827586206894,0.9448275862068966,0.05517241379310345,678.9071428571428,0.95,0.050000000000000044,354.96634615384613,0.9423076923076923,0.05769230769230771
39,354.21379310344827,0.9724137931034482,0.02758620689655178,654.8561151079136,0.9640287769784173,0.03597122302158273,308.1706161137441,0.943127962085308,0.056872037914691975
41,509.151724137931,0.9862068965517241,0.01379310344827589,650.3785714285714,0.9928571428571429,0.0071428571428571175,268.51851851851853,0.8888888888888888,0.11111111111111116
42,842.8206896551724,0.7448275862068966,0.2551724137931034,720.6496350364963,0.9562043795620438,0.04379562043795615,400.39130434782606,0.9130434782608695,0.08695652173913049
43,471.7448275862069,0.9862068965517241,0.01379310344827589,872.9928057553957,0.9640287769784173,0.03597122302158273,349.3942307692308,0.9567307692307693,0.043269230769230727
44,419.13793103448273,0.9862068965517241,0.01379310344827589,917.5546875,0.84375,0.15625,313.52884615384613,0.9326923076923077,0.06730769230769229
45,718.6551724137931,0.8,0.19999999999999996,653.3453237410072,0.920863309352518,0.07913669064748197,335.0979020979021,0.9090909090909091,0.09090909090909094
46,426.09655172413795,0.9862068965517241,0.01379310344827589,707.1942446043165,0.9748201438848921,0.025179856115107868,356.2243436754177,0.9355608591885441,0.06443914081145585
47,324.36551724137934,0.9310344827586207,0.06896551724137934,628.5579710144928,0.9347826086956522,0.06521739130434778,274.0240963855422,0.9397590361445783,0.06024096385542166
48,589.751724137931,0.9586206896551724,0.04137931034482756,613.4,0.8071428571428572,0.19285714285714284,394.75252525252523,0.9191919191919192,0.08080808080808077
49,479.35172413793106,1.0,0.0,736.2666666666667,0.9777777777777777,0.022222222222222254,269.8265895953757,0.9075144508670521,0.09248554913294793
50,382.21379310344827,0.993103448275862,0.006896551724137945,790.9492753623189,0.9855072463768116,0.01449275362318836,316.6478873239437,0.9647887323943662,0.035211267605633756
51,407.8712643678161,0.9540229885057471,0.04597701149425293,673.9734939759036,0.9590361445783132,0.04096385542168679,338.021207177814,0.933115823817292,0.06688417618270803
52,388.6413793103448,0.9862068965517241,0.01379310344827589,736.9855072463768,0.9782608695652174,0.021739130434782594,425.280193236715,0.966183574879227,0.033816425120772986
53,358.3586206896552,0.9793103448275862,0.020689655172413834,927.7720588235294,0.9485294117647058,0.05147058823529416,327.7586206896552,0.896551724137931,0.10344827586206895
54,430.11034482758623,0.9793103448275862,0.020689655172413834,802.0220588235294,0.9852941176470589,0.014705882352941124,320.42788461538464,0.9471153846153846,0.05288461538461542
55,379.06206896551726,0.9689655172413794,0.03103448275862064,626.0358422939069,0.953405017921147,0.04659498207885304,347.96867469879516,0.9518072289156626,0.048192771084337394
56,424.8758620689655,0.9862068965517241,0.01379310344827589,826.3629629629629,0.9851851851851852,0.014814814814814836,368.24285714285713,0.9476190476190476,0.05238095238095242
57,430.8137931034483,0.993103448275862,0.006896551724137945,858.2740740740741,0.9925925925925926,0.007407407407407418,327.9568965517241,0.9224137931034483,0.07758620689655171
58,415.77241379310345,1.0,0.0,822.5,0.9285714285714286,0.0714285714285714,328.875,0.9567307692307693,0.043269230769230727
59,365.0551724137931,1.0,0.0,739.8214285714286,0.9428571428571428,0.05714285714285716,284.3248730964467,0.9137055837563451,0.08629441624365486
60,357.51724137931035,0.8827586206896552,0.11724137931034484,647.431654676259,0.9424460431654677,0.05755395683453235,335.77894736842103,0.9473684210526315,0.052631578947368474
61,341.68275862068964,0.993103448275862,0.006896551724137945,606.2785714285715,0.9285714285714286,0.0714285714285714,325.2598039215686,0.9656862745098039,0.03431372549019607
62,393.88965517241377,1.0,0.0,646.1167883211679,0.9854014598540146,0.014598540145985384,293.3768115942029,0.9227053140096618,0.07729468599033817
63,413.63448275862066,0.9862068965517241,0.01379310344827589,714.7773722627737,0.9744525547445255,0.025547445255474477,336.17302052785925,0.9501466275659824,0.04985337243401755
64,411.78620689655173,0.9655172413793104,0.03448275862068961,592.6357142857142,0.9857142857142858,0.014285714285714235,346.0145631067961,0.9660194174757282,0.03398058252427183
65,377.4758620689655,0.993103448275862,0.006896551724137945,790.0935251798561,0.9640287769784173,0.03597122302158273,297.8632075471698,0.9245283018867925,0.07547169811320753
66,423.3724137931035,0.9896551724137931,0.010344827586206917,615.4214285714286,0.9892857142857143,0.010714285714285676,376.21014492753625,0.966183574879227,0.033816425120772986
67,407.4896551724138,0.993103448275862,0.006896551724137945,773.3695652173913,0.9782608695652174,0.021739130434782594,334.4,0.9560975609756097,0.04390243902439028
68,336.65862068965515,0.9689655172413794,0.03103448275862064,678.1611721611722,0.9487179487179487,0.05128205128205132,296.8412698412698,0.9391534391534392,0.060846560846560815
69,396.48275862068965,0.993103448275862,0.006896551724137945,599.1642857142857,0.9571428571428572,0.042857142857142816,284.0235294117647,0.9058823529411765,0.09411764705882353
70,379.43055555555554,0.9305555555555556,0.06944444444444442,716.3785714285714,0.9357142857142857,0.06428571428571428,323.71794871794873,0.9230769230769231,0.07692307692307687
71,694.5724137931035,0.9655172413793104,0.03448275862068961,1174.260162601626,0.991869918699187,0.008130081300813052,452.1161616161616,0.9444444444444444,0.05555555555555558
72,451.0137931034483,0.9793103448275862,0.020689655172413834,931.2388059701492,0.9776119402985075,0.02238805970149249,377.22549019607845,0.9656862745098039,0.03431372549019607
73,525.7172413793104,0.993103448275862,0.006896551724137945,732.773381294964,0.9820143884892086,0.017985611510791366,502.1453201970443,0.9704433497536946,0.029556650246305383
74,554.0551724137931,1.0,0.0,897.7625899280575,0.9712230215827338,0.02877697841726623,573.8855721393035,0.9850746268656716,0.014925373134328401
75,565.0068965517241,0.993103448275862,0.006896551724137945,697.3642857142858,0.9714285714285714,0.02857142857142858,376.1136363636364,0.8863636363636364,0.11363636363636365
76,466.8137931034483,1.0,0.0,829.5251798561151,0.9784172661870504,0.021582733812949617,301.22872340425533,0.9361702127659575,0.06382978723404253
77,391.55172413793105,0.8275862068965517,0.1724137931034483,635.9,0.8857142857142857,0.11428571428571432,394.4475524475524,0.8951048951048951,0.1048951048951049
78,444.36551724137934,0.993103448275862,0.006896551724137945,817.35,0.9785714285714285,0.021428571428571463,356.68837209302325,0.9116279069767442,0.08837209302325577
79,457.6896551724138,1.0,0.0,1033.7519379844962,0.9922480620155039,0.007751937984496138,476.0,0.9852216748768473,0.014778325123152691
80,431.9218390804598,0.9770114942528736,0.02298850574712641,657.0464285714286,0.9642857142857143,0.0357142857142857,350.38461538461536,0.9148351648351648,0.0851648351648352
81,413.51724137931035,1.0,0.0,672.6714285714286,0.9714285714285714,0.02857142857142858,306.4579439252336,0.9299065420560748,0.07009345794392519
82,392.6758620689655,0.993103448275862,0.006896551724137945,580.0428571428571,0.9785714285714285,0.021428571428571463,389.4782608695652,0.961352657004831,0.03864734299516903
83,353.77241379310345,0.9758620689655172,0.024137931034482807,655.9208633093525,0.9676258992805755,0.03237410071942448,302.7294117647059,0.9294117647058824,0.07058823529411762
84,1169.8592592592593,0.2962962962962963,0.7037037037037037,646.8854166666666,0.23958333333333334,0.7604166666666666,552.2083333333334,0.875,0.125
85,476.00689655172414,1.0,0.0,906.4604316546763,1.0,0.0,301.7081339712919,0.9330143540669856,0.06698564593301437
86,645.248275862069,0.9586206896551724,0.04137931034482756,810.0071942446043,0.9784172661870504,0.021582733812949617,394.5,0.9444444444444444,0.05555555555555558
87,455.5103448275862,0.9793103448275862,0.020689655172413834,932.0359712230215,0.9712230215827338,0.02877697841726623,369.71844660194176,0.9514563106796117,0.04854368932038833
88,403.2758620689655,0.9793103448275862,0.020689655172413834,579.6035714285714,0.9642857142857143,0.0357142857142857,402.4602409638554,0.9614457831325302,0.03855421686746985
89,451.151724137931,1.0,0.0,735.3649635036496,0.927007299270073,0.07299270072992703,326.8606965174129,0.9402985074626866,0.05970149253731338
90,428.04137931034484,1.0,0.0,706.3142857142857,0.95,0.050000000000000044,381.9656862745098,0.9656862745098039,0.03431372549019607
91,397.2344827586207,0.9724137931034482,0.02758620689655178,582.2071428571429,0.8928571428571429,0.1071428571428571,408.171568627451,0.9362745098039216,0.06372549019607843
92,397.6758620689655,1.0,0.0,659.0652173913044,0.927536231884058,0.07246376811594202,421.71078431372547,0.9754901960784313,0.02450980392156865
93,391.21379310344827,0.9793103448275862,0.020689655172413834,546.4,0.9428571428571428,0.05714285714285716,282.56190476190477,0.919047619047619,0.080952380952381
94,558.3586206896551,1.0,0.0,983.0,0.9622641509433962,0.037735849056603765,437.8695652173913,0.9565217391304348,0.04347826086956519
96,498.6620689655172,0.993103448275862,0.006896551724137945,894.9626865671642,0.9850746268656716,0.014925373134328401,396.6736842105263,0.9368421052631579,0.06315789473684208
97,387.0551724137931,0.9655172413793104,0.03448275862068961,745.0526315789474,0.9473684210526315,0.052631578947368474,362.175,0.95,0.050000000000000044
98,352.63448275862066,0.9724137931034482,0.02758620689655178,553.3,0.9428571428571428,0.05714285714285716,276.21860465116276,0.9162790697674419,0.08372093023255811
99,417.09655172413795,1.0,0.0,595.3285714285714,0.9571428571428572,0.042857142857142816,326.63592233009706,0.9466019417475728,0.05339805825242716
100,445.0344827586207,0.9862068965517241,0.01379310344827589,762.9343065693431,0.9343065693430657,0.06569343065693434,365.2173913043478,0.9192546583850931,0.08074534161490687
101,621.6206896551724,1.0,0.0,928.7862595419847,0.8778625954198473,0.12213740458015265,414.962962962963,0.9523809523809523,0.04761904761904767
102,511.8,0.9724137931034482,0.02758620689655178,789.043795620438,0.9635036496350365,0.03649635036496346,430.53365384615387,0.9471153846153846,0.05288461538461542
103,393.09655172413795,1.0,0.0,682.1785714285714,0.9571428571428572,0.042857142857142816,290.93367346938777,0.923469387755102,0.07653061224489799
104,387.77241379310345,0.9724137931034482,0.02758620689655178,814.8962962962963,0.9407407407407408,0.059259259259259234,278.39181286549706,0.9064327485380117,0.0935672514619883
105,376.42758620689654,0.9793103448275862,0.020689655172413834,616.7785714285715,0.95,0.050000000000000044,340.4037558685446,0.9389671361502347,0.06103286384976525
106,363.1034482758621,0.9655172413793104,0.03448275862068961,510.0143884892086,0.8992805755395683,0.1007194244604317,303.9583333333333,0.8869047619047619,0.11309523809523814
107,482.8344827586207,0.9793103448275862,0.020689655172413834,726.6058394160584,0.9781021897810219,0.021897810218978075,362.6954314720812,0.9543147208121827,0.045685279187817285
108,438.8965517241379,1.0,0.0,996.990099009901,0.9504950495049505,0.04950495049504955,520.8137254901961,0.9705882352941176,0.02941176470588236
109,554.4965517241379,0.993103448275862,0.006896551724137945,723.956204379562,0.9708029197080292,0.029197080291970767,342.0680628272251,0.9528795811518325,0.04712041884816753
110,458.4344827586207,1.0,0.0,970.5407407407407,0.9703703703703703,0.029629629629629672,344.3362831858407,0.9026548672566371,0.09734513274336287
111,437.70344827586206,0.9724137931034482,0.02758620689655178,720.6142857142858,0.9642857142857143,0.0357142857142857,321.6682692307692,0.9423076923076923,0.05769230769230771
112,352.07586206896553,0.9379310344827586,0.06206896551724139,516.7,0.9785714285714285,0.021428571428571463,298.88516746411483,0.9521531100478469,0.04784688995215314
113,437.0827586206897,0.993103448275862,0.006896551724137945,1055.5271317829458,0.9922480620155039,0.007751937984496138,351.89756097560974,0.9365853658536586,0.06341463414634141
114,397.9103448275862,0.9379310344827586,0.06206896551724139,800.4817518248175,0.8905109489051095,0.10948905109489049,287.008547008547,0.905982905982906,0.09401709401709402
115,475.7586206896552,1.0,0.0,1134.5688073394494,0.9724770642201835,0.02752293577981646,411.75233644859816,0.9345794392523364,0.06542056074766356
116,466.5241379310345,0.9862068965517241,0.01379310344827589,720.5323741007194,0.9784172661870504,0.021582733812949617,310.67088607594934,0.8860759493670886,0.11392405063291144
117,384.19310344827585,0.9793103448275862,0.020689655172413834,852.9124087591241,0.9854014598540146,0.014598540145985384,328.2112676056338,0.9389671361502347,0.06103286384976525
118,584.0413793103448,0.9862068965517241,0.01379310344827589,1015.4586466165414,0.924812030075188,0.07518796992481203,632.0357142857143,0.9017857142857143,0.0982142857142857
119,497.1862068965517,0.993103448275862,0.006896551724137945,669.1824817518249,0.9781021897810219,0.021897810218978075,417.1648936170213,0.9627659574468085,0.037234042553191515
120,647.3724137931034,0.9551724137931035,0.04482758620689653,901.95,0.9708333333333333,0.029166666666666674,566.6992481203008,0.9022556390977443,0.09774436090225569
121,459.7448275862069,0.9793103448275862,0.020689655172413834,1218.2342342342342,0.9459459459459459,0.05405405405405406,331.22330097087377,0.8980582524271845,0.10194174757281549
122,439.51724137931035,1.0,0.0,831.3405797101449,0.9927536231884058,0.007246376811594235,291.8424242424242,0.9151515151515152,0.08484848484848484
123,528.0275862068966,0.993103448275862,0.006896551724137945,891.3233082706766,0.9624060150375939,0.03759398496240607,264.64285714285717,0.9285714285714286,0.0714285714285714
124,378.11724137931037,0.9862068965517241,0.01379310344827589,661.9420289855072,0.9782608695652174,0.021739130434782594,354.49029126213594,0.970873786407767,0.029126213592232997
125,366.9655172413793,0.9793103448275862,0.020689655172413834,696.25,0.9857142857142858,0.014285714285714235,360.48039215686276,0.9705882352941176,0.02941176470588236
126,472.1448275862069,1.0,0.0,748.8201438848921,0.9928057553956835,0.007194244604316502,282.45180722891564,0.9216867469879518,0.07831325301204817
127,442.7103448275862,0.993103448275862,0.006896551724137945,815.6594202898551,0.9710144927536232,0.02898550724637683,340.0956937799043,0.9330143540669856,0.06698564593301437
128,507.9793103448276,0.993103448275862,0.006896551724137945,1064.0,0.9669421487603306,0.03305785123966942,394.340206185567,0.9123711340206185,0.08762886597938147
129,363.8965517241379,0.9793103448275862,0.020689655172413834,600.1428571428571,0.9285714285714286,0.0714285714285714,309.192118226601,0.916256157635468,0.08374384236453203
130,613.5241379310345,0.9862068965517241,0.01379310344827589,879.731884057971,0.9565217391304348,0.04347826086956519,316.60571428571427,0.9257142857142857,0.07428571428571429
131,379.2896551724138,0.9793103448275862,0.020689655172413834,594.5857142857143,0.9571428571428572,0.042857142857142816,416.23383084577114,0.9950248756218906,0.00497512437810943
132,514.2620689655172,0.9862068965517241,0.01379310344827589,838.8623188405797,0.9855072463768116,0.01449275362318836,309.53809523809525,0.9238095238095239,0.07619047619047614
133,399.5310344827586,0.993103448275862,0.006896551724137945,866.4160583941606,0.9708029197080292,0.029197080291970767,414.08653846153845,0.9423076923076923,0.05769230769230771
134,420.6,1.0,0.0,763.4214285714286,0.9571428571428572,0.042857142857142816,395.2227722772277,0.9653465346534653,0.034653465346534684
135,459.6965517241379,1.0,0.0,788.5571428571428,1.0,0.0,432.2451923076923,0.9423076923076923,0.05769230769230771
136,530.1724137931035,0.993103448275862,0.006896551724137945,1126.9105691056911,0.8211382113821138,0.17886178861788615,422.75757575757575,0.9393939393939394,0.06060606060606055
137,457.06206896551726,0.9862068965517241,0.01379310344827589,678.6043165467626,0.9712230215827338,0.02877697841726623,591.8311688311688,0.935064935064935,0.06493506493506496
138,337.4413793103448,0.9379310344827586,0.06206896551724139,769.4492753623189,0.9347826086956522,0.06521739130434778,317.7330097087379,0.9271844660194175,0.07281553398058249
139,440.62068965517244,1.0,0.0,665.8768115942029,0.9565217391304348,0.04347826086956519,485.5075376884422,0.9748743718592965,0.025125628140703515
140,381.93793103448274,1.0,0.0,582.4642857142857,0.9642857142857143,0.0357142857142857,283.09615384615387,0.9134615384615384,0.08653846153846156
141,374.3586206896552,0.9586206896551724,0.04137931034482756,665.3142857142857,0.9214285714285714,0.07857142857142863,286.3757225433526,0.9132947976878613,0.08670520231213874
142,338.2,0.9103448275862069,0.08965517241379306,694.014598540146,0.948905109489051,0.051094890510948954,292.6165803108808,0.9067357512953368,0.09326424870466321
144,429.82758620689657,0.993103448275862,0.006896551724137945,667.1928571428572,0.9428571428571428,0.05714285714285716,273.3243243243243,0.918918918918919,0.08108108108108103
145,525.0896551724138,1.0,0.0,914.758064516129,0.967741935483871,0.032258064516129004,558.453125,1.0,0.0
146,360.3379310344828,0.9655172413793104,0.03448275862068961,766.0962962962963,0.9777777777777777,0.022222222222222254,305.9807692307692,0.9375,0.0625
147,385.1448275862069,0.9724137931034482,0.02758620689655178,708.978102189781,0.9635036496350365,0.03649635036496346,339.72169811320754,0.9433962264150944,0.05660377358490565
148,391.22758620689655,0.9827586206896551,0.017241379310344862,784.3012345679012,0.9580246913580247,0.041975308641975295,354.73871733966746,0.9311163895486936,0.06888361045130642
149,345.97241379310344,0.9172413793103448,0.08275862068965523,749.927536231884,0.927536231884058,0.07246376811594202,279.9012345679012,0.9012345679012346,0.09876543209876543
150,425.21379310344827,0.993103448275862,0.006896551724137945,804.4420289855072,0.9710144927536232,0.02898550724637683,395.1027027027027,0.9459459459459459,0.05405405405405406
152,432.31724137931036,0.993103448275862,0.006896551724137945,893.5785714285714,0.9928571428571429,0.0071428571428571175,345.38916256157637,0.9458128078817734,0.054187192118226646
153,437.3241379310345,0.9862068965517241,0.01379310344827589,827.0948905109489,0.9781021897810219,0.021897810218978075,375.62745098039215,0.9803921568627451,0.019607843137254943
154,378.22758620689655,0.9655172413793104,0.03448275862068961,771.7214285714285,0.9714285714285714,0.02857142857142858,346.6179245283019,0.9386792452830188,0.061320754716981174
155,396.55172413793105,0.993103448275862,0.006896551724137945,977.3615384615384,0.9153846153846154,0.08461538461538465,506.0394088669951,0.9852216748768473,0.014778325123152691
156,367.8137931034483,0.9862068965517241,0.01379310344827589,691.1357142857142,0.9857142857142858,0.014285714285714235,495.6831683168317,0.9900990099009901,0.00990099009900991
157,521.1034482758621,0.993103448275862,0.006896551724137945,875.7388059701492,1.0,0.0,311.63592233009706,0.9174757281553398,0.08252427184466016
158,474.8758620689655,1.0,0.0,731.705035971223,0.9640287769784173,0.03597122302158273,420.14925373134326,0.9601990049751243,0.03980099502487566
159,449.70344827586206,0.993103448275862,0.006896551724137945,910.7264957264957,0.9401709401709402,0.05982905982905984,619.6464646464647,0.9949494949494949,0.005050505050505083
161,446.5655172413793,0.9655172413793104,0.03448275862068961,1170.1315789473683,0.9035087719298246,0.0964912280701754,314.9673202614379,0.8888888888888888,0.11111111111111116
162,1073.441379310345,0.503448275862069,0.496551724137931,696.8939393939394,0.8939393939393939,0.10606060606060608,435.17283950617286,0.9074074074074074,0.09259259259259256
163,397.04137931034484,0.9977011494252873,0.0022988505747126853,843.6370558375635,0.949238578680203,0.050761421319796995,354.02318392581145,0.919629057187017,0.08037094281298296
165,457.44827586206895,1.0,0.0,918.6764705882352,0.9926470588235294,0.007352941176470562,424.01477832512313,0.9704433497536946,0.029556650246305383
166,558.8965517241379,0.9862068965517241,0.01379310344827589,1179.7640449438202,0.8314606741573034,0.1685393258426966,381.5665024630542,0.9458128078817734,0.054187192118226646
167,378.77241379310345,0.9793103448275862,0.020689655172413834,570.0071428571429,0.9571428571428572,0.042857142857142816,297.99530516431923,0.9389671361502347,0.06103286384976525
168,367.8031496062992,0.9133858267716536,0.08661417322834641,772.4297520661157,0.7272727272727273,0.2727272727272727,332.6369426751592,0.9171974522292994,0.08280254777070062
169,438.4758620689655,0.9862068965517241,0.01379310344827589,1017.0153846153846,0.9692307692307692,0.03076923076923077,344.0,0.933649289099526,0.06635071090047395
170,412.06206896551726,0.9862068965517241,0.01379310344827589,604.9857142857143,0.9428571428571428,0.05714285714285716,350.98104265402844,0.9478672985781991,0.05213270142180093
171,445.048275862069,1.0,0.0,706.2302158273382,0.9784172661870504,0.021582733812949617,387.23267326732673,0.9455445544554455,0.054455445544554504
172,523.048275862069,0.993103448275862,0.006896551724137945,936.2222222222222,0.9851851851851852,0.014814814814814836,292.5575221238938,0.9380530973451328,0.06194690265486724
173,799.8194444444445,0.7986111111111112,0.20138888888888884,1016.8512396694215,0.9090909090909091,0.09090909090909094,578.453781512605,0.9243697478991597,0.07563025210084029
174,339.1310344827586,0.9448275862068966,0.05517241379310345,711.5,0.9492753623188406,0.050724637681159424,269.449494949495,0.9090909090909091,0.09090909090909094
175,424.2068965517241,1.0,0.0,862.6722689075631,1.0,0.0,439.6328502415459,0.966183574879227,0.033816425120772986
176,601.2965517241379,0.9724137931034482,0.02758620689655178,848.5,0.9420289855072463,0.05797101449275366,334.4432432432432,0.8918918918918919,0.10810810810810811
177,553.2965517241379,0.9724137931034482,0.02758620689655178,800.3037037037037,0.9925925925925926,0.007407407407407418,444.641975308642,0.9629629629629629,0.03703703703703709
178,423.77241379310345,1.0,0.0,767.4285714285714,1.0,0.0,336.79425837320576,0.9521531100478469,0.04784688995215314
179,385.5103448275862,1.0,0.0,695.35,0.9785714285714285,0.021428571428571463,317.08490566037733,0.9433962264150944,0.05660377358490565
180,552.0689655172414,0.9862068965517241,0.01379310344827589,791.2374100719425,0.9784172661870504,0.021582733812949617,464.0408163265306,0.9591836734693877,0.04081632653061229
181,501.1310344827586,0.9793103448275862,0.020689655172413834,895.1865671641791,0.9626865671641791,0.03731343283582089,346.1516587677725,0.9383886255924171,0.06161137440758291
182,559.9206896551724,1.0,0.0,659.3727598566309,0.996415770609319,0.0035842293906810374,389.9654320987654,0.9851851851851852,0.014814814814814836
183,402.5310344827586,0.993103448275862,0.006896551724137945,704.6142857142858,0.9571428571428572,0.042857142857142816,448.92233009708735,0.970873786407767,0.029126213592232997
184,384.1310344827586,0.9862068965517241,0.01379310344827589,522.3142857142857,0.9642857142857143,0.0357142857142857,370.4347826086956,0.961352657004831,0.03864734299516903
185,449.1241379310345,0.9793103448275862,0.020689655172413834,679.25,0.9714285714285714,0.02857142857142858,379.7241379310345,0.9605911330049262,0.039408866995073843
186,430.7241379310345,0.896551724137931,0.10344827586206895,636.5323741007194,0.9568345323741008,0.043165467625899234,342.90909090909093,0.9015151515151515,0.09848484848484851
187,404.90344827586205,0.9862068965517241,0.01379310344827589,742.5037037037036,0.9629629629629629,0.03703703703703709,316.01428571428573,0.9380952380952381,0.06190476190476191
188,440.88275862068963,0.993103448275862,0.006896551724137945,701.1285714285714,0.9642857142857143,0.0357142857142857,314.73224043715845,0.9180327868852459,0.08196721311475408
190,516.5310344827586,1.0,0.0,992.8550724637681,0.9565217391304348,0.04347826086956519,301.39247311827955,0.9032258064516129,0.09677419354838712
191,452.80689655172415,1.0,0.0,954.6890756302521,0.957983193277311,0.04201680672268904,361.14659685863876,0.93717277486911,0.06282722513089001
192,510.11724137931037,1.0,0.0,805.6214285714286,0.9714285714285714,0.02857142857142858,282.38775510204084,0.8843537414965986,0.11564625850340138
193,410.6413793103448,0.993103448275862,0.006896551724137945,867.9424460431654,0.9928057553956835,0.007194244604316502,355.04347826086956,0.9420289855072463,0.05797101449275366
194,463.3034482758621,0.9862068965517241,0.01379310344827589,745.0220588235294,0.9485294117647058,0.05147058823529416,435.30541871921184,0.9113300492610837,0.08866995073891626
195,456.48275862068965,0.9655172413793104,0.03448275862068961,801.1079136690647,0.9712230215827338,0.02877697841726623,395.33809523809526,0.9428571428571428,0.05714285714285716
196,394.2758620689655,1.0,0.0,749.0575539568346,0.9784172661870504,0.021582733812949617,306.67251461988303,0.9122807017543859,0.08771929824561409
197,473.50344827586207,0.993103448275862,0.006896551724137945,664.0571428571428,0.9428571428571428,0.05714285714285716,388.87179487179486,0.8974358974358975,0.10256410256410253
198,545.3379310344827,0.9724137931034482,0.02758620689655178,1270.984126984127,0.9206349206349206,0.07936507936507942,434.81951219512194,0.9609756097560975,0.039024390243902474
199,363.0551724137931,0.8896551724137931,0.1103448275862069,609.3225806451613,0.9175627240143369,0.08243727598566308,300.13278008298755,0.9128630705394191,0.08713692946058094
200,483.71724137931034,0.993103448275862,0.006896551724137945,767.4748201438849,0.9856115107913669,0.014388489208633115,278.7303370786517,0.9213483146067416,0.0786516853932584
201,356.2689655172414,1.0,0.0,741.3884892086331,1.0,0.0,248.6375,0.8625,0.13749999999999996
202,399.3103448275862,0.993103448275862,0.006896551724137945,724.3571428571429,0.9428571428571428,0.05714285714285716,438.37745098039215,0.9803921568627451,0.019607843137254943
203,461.4255319148936,0.9929078014184397,0.007092198581560294,707.4963503649635,0.8686131386861314,0.13138686131386856,341.22641509433964,0.9056603773584906,0.09433962264150941
204,409.39310344827584,0.9724137931034482,0.02758620689655178,809.8308823529412,0.9264705882352942,0.07352941176470584,312.9646464646465,0.9141414141414141,0.08585858585858586
205,385.42758620689654,1.0,0.0,908.1397058823529,0.9852941176470589,0.014705882352941124,350.61722488038276,0.9569377990430622,0.0430622009569378
206,535.2344827586207,0.9793103448275862,0.020689655172413834,966.6641791044776,0.9626865671641791,0.03731343283582089,358.8937198067633,0.927536231884058,0.07246376811594202
207,563.351724137931,1.0,0.0,773.9928057553957,0.9856115107913669,0.014388489208633115,364.70588235294116,0.9754901960784313,0.02450980392156865
208,479.49655172413793,0.9517241379310345,0.0482758620689655,1043.8347826086956,0.8782608695652174,0.12173913043478257,279.4931506849315,0.8972602739726028,0.10273972602739723
209,455.63448275862066,0.9724137931034482,0.02758620689655178,939.3897058823529,0.9264705882352942,0.07352941176470584,377.73410404624275,0.9479768786127167,0.052023121387283267
210,607.1517241379311,0.8413793103448276,0.1586206896551724,699.2928571428571,0.9857142857142858,0.014285714285714235,292.32369942196533,0.9248554913294798,0.07514450867052025
211,393.1655172413793,0.9517241379310345,0.0482758620689655,537.0,0.9496402877697842,0.05035971223021585,532.0823529411765,0.8705882352941177,0.12941176470588234
212,536.303448275862,1.0,0.0,749.92700729927,0.9416058394160584,0.058394160583941646,618.9836956521739,0.9836956521739131,0.016304347826086918
213,458.13793103448273,0.993103448275862,0.006896551724137945,721.3440860215054,0.953405017921147,0.04659498207885304,323.4724409448819,0.931758530183727,0.06824146981627299
214,517.8827586206896,0.993103448275862,0.006896551724137945,1177.2307692307693,0.9487179487179487,0.05128205128205132,317.5279187817259,0.9187817258883249,0.08121827411167515
215,440.4689655172414,0.993103448275862,0.006896551724137945,747.1357142857142,0.9928571428571429,0.0071428571428571175,306.73708920187795,0.9248826291079812,0.07511737089201875
216,412.64827586206894,1.0,0.0,705.2714285714286,0.9785714285714285,0.021428571428571463,273.4854368932039,0.9174757281553398,0.08252427184466016
217,517.2,0.9724137931034482,0.02758620689655178,776.6037037037037,0.9333333333333333,0.06666666666666665,432.4776119402985,0.9751243781094527,0.02487562189054726
218,401.5931034482759,0.9862068965517241,0.01379310344827589,704.0661764705883,0.9852941176470589,0.014705882352941124,493.9850746268657,0.9651741293532339,0.03482587064676612
219,546.7724137931034,0.993103448275862,0.006896551724137945,858.875,0.9705882352941176,0.02941176470588236,322.2870813397129,0.9425837320574163,0.0574162679425837
221,597.744827586207,1.0,0.0,923.8796992481203,0.9849624060150376,0.015037593984962405,329.70935960591135,0.9261083743842364,0.07389162561576357
222,353.97241379310344,0.993103448275862,0.006896551724137945,622.6231884057971,0.9927536231884058,0.007246376811594235,266.4742268041237,0.9381443298969072,0.061855670103092786
223,578.0103448275862,0.9896551724137931,0.010344827586206917,866.5955056179776,0.9625468164794008,0.03745318352059923,305.2219387755102,0.9260204081632653,0.07397959183673475
224,612.7862068965517,1.0,0.0,1032.3731343283582,0.9850746268656716,0.014925373134328401,492.7291666666667,0.9479166666666666,0.05208333333333337
225,392.1655172413793,1.0,0.0,600.6142857142858,1.0,0.0,367.5566502463054,0.9852216748768473,0.014778325123152691
226,444.84137931034485,0.9724137931034482,0.02758620689655178,642.3285714285714,0.9714285714285714,0.02857142857142858,300.16022099447514,0.9116022099447514,0.08839779005524862
227,375.75172413793103,0.9724137931034482,0.02758620689655178,830.5954198473282,0.9847328244274809,0.01526717557251911,389.9519230769231,0.9615384615384616,0.038461538461538436
228,471.8344827586207,1.0,0.0,656.6071428571429,0.9928571428571429,0.0071428571428571175,292.52,0.925,0.07499999999999996
229,567.0379310344828,0.906896551724138,0.09310344827586203,845.6809338521401,0.867704280155642,0.13229571984435795,385.02139037433153,0.9090909090909091,0.09090909090909094
230,659.25,0.9305555555555556,0.06944444444444442,939.192,0.896,0.10399999999999998,345.7716049382716,0.9320987654320988,0.0679012345679012
231,403.64827586206894,1.0,0.0,717.0928571428572,0.9928571428571429,0.0071428571428571175,330.9423076923077,0.9519230769230769,0.04807692307692313
232,450.22758620689655,0.9724137931034482,0.02758620689655178,697.9357142857143,0.95,0.050000000000000044,415.4746835443038,0.930379746835443,0.069620253164557
233,369.7931034482759,0.9862068965517241,0.01379310344827589,959.384,0.984,0.016000000000000014,445.8457711442786,0.9800995024875622,0.01990049751243783
234,496.3034482758621,0.993103448275862,0.006896551724137945,1192.3854166666667,0.9583333333333334,0.04166666666666663,384.71287128712873,0.9702970297029703,0.02970297029702973
235,540.7034482758621,0.903448275862069,0.096551724137931,687.7553956834532,0.9928057553956835,0.007194244604316502,418.5217391304348,0.966183574879227,0.033816425120772986
236,815.1448275862069,0.9862068965517241,0.01379310344827589,1119.388888888889,0.8796296296296297,0.12037037037037035,465.3859649122807,0.9473684210526315,0.052631578947368474
237,439.5448275862069,1.0,0.0,687.9424460431654,0.9856115107913669,0.014388489208633115,498.72058823529414,0.9803921568627451,0.019607843137254943
238,412.8,0.9586206896551724,0.04137931034482756,807.3059701492538,0.9328358208955224,0.06716417910447758,402.05,0.965,0.03500000000000003
239,394.9310344827586,0.993103448275862,0.006896551724137945,602.9071428571428,0.7571428571428571,0.24285714285714288,469.55445544554453,0.9702970297029703,0.02970297029702973
240,372.82068965517243,0.9862068965517241,0.01379310344827589,738.5073529411765,0.9191176470588235,0.08088235294117652,359.7451923076923,0.9615384615384616,0.038461538461538436
241,504.3724137931035,1.0,0.0,844.8518518518518,1.0,0.0,335.7931034482759,0.9310344827586207,0.06896551724137934
242,389.0827586206897,1.0,0.0,589.2,1.0,0.0,310.85714285714283,0.9261083743842364,0.07389162561576357
243,486.0137931034483,1.0,0.0,849.5514705882352,0.9705882352941176,0.02941176470588236,422.63247863247864,0.9487179487179487,0.05128205128205132
244,399.04137931034484,0.993103448275862,0.006896551724137945,748.65,0.9928571428571429,0.0071428571428571175,311.99029126213594,0.9271844660194175,0.07281553398058249
245,443.95862068965516,0.9896551724137931,0.010344827586206917,747.8478260869565,0.9456521739130435,0.05434782608695654,328.43715846994536,0.9234972677595629,0.07650273224043713
247,469.57241379310346,0.993103448275862,0.006896551724137945,987.9692307692308,0.9615384615384616,0.038461538461538436,304.6105769230769,0.9134615384615384,0.08653846153846156
248,398.4551724137931,0.9862068965517241,0.01379310344827589,724.6785714285714,0.9928571428571429,0.0071428571428571175,332.0731707317073,0.9365853658536586,0.06341463414634141
249,514.551724137931,0.9724137931034482,0.02758620689655178,967.7226890756302,0.9411764705882353,0.05882352941176472,306.6764705882353,0.9019607843137255,0.0980392156862745
250,411.19310344827585,0.993103448275862,0.006896551724137945,881.4850746268656,0.9477611940298507,0.052238805970149294,338.20772946859904,0.9565217391304348,0.04347826086956519
251,494.4344827586207,0.993103448275862,0.006896551724137945,884.1171875,0.96875,0.03125,304.4975369458128,0.916256157635468,0.08374384236453203
252,513.2344827586207,1.0,0.0,943.723076923077,0.9538461538461539,0.0461538461538461,419.5230769230769,0.9538461538461539,0.0461538461538461
253,399.7586206896552,0.993103448275862,0.006896551724137945,665.3642857142858,0.9785714285714285,0.021428571428571463,314.9899497487437,0.9246231155778895,0.07537688442211055
254,383.36551724137934,0.9655172413793104,0.03448275862068961,837.1897810218978,0.927007299270073,0.07299270072992703,247.2439024390244,0.8943089430894309,0.10569105691056913
255,511.73793103448276,0.9517241379310345,0.0482758620689655,746.5251798561151,0.935251798561151,0.06474820143884896,350.64233576642334,0.948905109489051,0.051094890510948954
256,405.06206896551726,1.0,0.0,649.931899641577,1.0,0.0,295.35625,0.90625,0.09375
257,384.8758620689655,0.9172413793103448,0.08275862068965523,697.2753623188406,0.9637681159420289,0.036231884057971064,334.1137440758294,0.919431279620853,0.08056872037914697
258,365.19310344827585,0.993103448275862,0.006896551724137945,567.9428571428572,0.9714285714285714,0.02857142857142858,257.8018018018018,0.8648648648648649,0.1351351351351351
259,392.64827586206894,1.0,0.0,588.4928571428571,0.9642857142857143,0.0357142857142857,311.0696517412935,0.9502487562189055,0.04975124378109452
260,384.0689655172414,0.993103448275862,0.006896551724137945,543.9,0.9214285714285714,0.07857142857142863,287.17021276595744,0.9202127659574468,0.07978723404255317
261,397.4206896551724,0.993103448275862,0.006896551724137945,845.2888888888889,1.0,0.0,416.963963963964,0.9459459459459459,0.05405405405405406
262,439.64827586206894,1.0,0.0,622.8035714285714,0.9857142857142858,0.014285714285714235,287.7475247524753,0.9306930693069307,0.06930693069306926
263,459.5827586206897,0.993103448275862,0.006896551724137945,795.649446494465,0.988929889298893,0.011070110701106972,392.17031630170317,0.9659367396593674,0.03406326034063256
264,382.5310344827586,0.9793103448275862,0.020689655172413834,716.136690647482,0.9784172661870504,0.021582733812949617,359.05102040816325,0.9846938775510204,0.015306122448979553
265,434.0827586206897,0.9896551724137931,0.010344827586206917,898.7655677655678,0.9816849816849816,0.01831501831501836,350.30150753768845,0.9447236180904522,0.055276381909547756
266,531.6896551724138,0.9689655172413794,0.03103448275862064,650.7942238267148,0.9386281588447654,0.06137184115523464,373.4579207920792,0.9579207920792079,0.04207920792079212
267,455.06206896551726,0.9827586206896551,0.017241379310344862,888.1550387596899,0.9496124031007752,0.050387596899224785,504.40865384615387,0.9086538461538461,0.09134615384615385
268,386.07241379310346,1.0,0.0,618.8566308243728,0.946236559139785,0.053763440860215006,320.04358353510895,0.9636803874092009,0.03631961259079908
269,491.7689655172414,0.996551724137931,0.0034482758620689724,971.0620437956204,0.9416058394160584,0.058394160583941646,336.3753213367609,0.9280205655526992,0.07197943444730082
270,447.76206896551724,0.9827586206896551,0.017241379310344862,868.4774436090225,0.9736842105263158,0.02631578947368418,359.4742014742015,0.9336609336609336,0.06633906633906639
271,520.3965517241379,0.9689655172413794,0.03103448275862064,994.4102564102565,0.9706959706959707,0.02930402930402931,444.25552825552825,0.9115479115479116,0.0884520884520884
272,470.31724137931036,0.9896551724137931,0.010344827586206917,877.1185185185185,0.9481481481481482,0.051851851851851816,583.1840796019901,0.9950248756218906,0.00497512437810943
273,425.6241379310345,0.996551724137931,0.0034482758620689724,717.1534772182255,0.9688249400479616,0.031175059952038398,314.07109004739334,0.9312796208530806,0.06872037914691942
274,452.17241379310343,0.993103448275862,0.006896551724137945,710.899641577061,0.9139784946236559,0.08602150537634412,268.7883008356546,0.9025069637883009,0.09749303621169914
275,401.2241379310345,0.9862068965517241,0.01379310344827589,743.3597122302158,0.960431654676259,0.03956834532374098,312.5108108108108,0.9243243243243243,0.07567567567567568
276,477.5655172413793,0.9586206896551724,0.04137931034482756,845.2734082397004,0.9662921348314607,0.0337078651685393,485.692118226601,0.9802955665024631,0.019704433497536922
277,422.66896551724136,0.993103448275862,0.006896551724137945,740.4607142857143,0.9142857142857143,0.08571428571428574,325.2063882063882,0.9459459459459459,0.05405405405405406
278,647.9655172413793,0.8758620689655172,0.12413793103448278,856.918918918919,0.9575289575289575,0.0424710424710425,530.9197530864197,0.9197530864197531,0.08024691358024694
279,458.36551724137934,1.0,0.0,749.9428571428572,0.9821428571428571,0.017857142857142905,558.5882352941177,0.9534313725490197,0.04656862745098034
280,448.0896551724138,0.996551724137931,0.0034482758620689724,767.7236363636364,1.0,0.0,421.21890547263683,0.9651741293532339,0.03482587064676612
281,418.42413793103447,1.0,0.0,746.9381818181819,0.9672727272727273,0.032727272727272716,349.2270408163265,0.9438775510204082,0.056122448979591844
282,681.0344827586207,0.9827586206896551,0.017241379310344862,1166.8553191489361,0.8851063829787233,0.11489361702127665,352.546568627451,0.9436274509803921,0.056372549019607865
283,399.5551724137931,0.9827586206896551,0.017241379310344862,738.8492647058823,0.9154411764705882,0.0845588235294118,434.15776699029124,0.9635922330097088,0.036407766990291246
284,402.9206896551724,1.0,0.0,757.2627737226277,0.9598540145985401,0.04014598540145986,444.3970223325062,0.9776674937965261,0.022332506203473934
285,394.6137931034483,1.0,0.0,751.5428571428571,0.9892857142857143,0.010714285714285676,321.64824120603015,0.914572864321608,0.085427135678392
286,505.0,0.9827586206896551,0.017241379310344862,745.2110311750599,0.9592326139088729,0.04076738609112707,309.80845771144277,0.9328358208955224,0.06716417910447758
287,533.8379310344827,1.0,0.0,829.6666666666666,1.0,0.0,338.1479591836735,0.9311224489795918,0.06887755102040816
288,481.7854671280277,0.9896193771626297,0.01038062283737029,1003.6782945736434,0.937984496124031,0.06201550387596899,335.19804400977995,0.9511002444987775,0.0488997555012225
289,387.6137931034483,0.9586206896551724,0.04137931034482756,627.2753623188406,0.9565217391304348,0.04347826086956519,332.4495192307692,0.9567307692307693,0.043269230769230727
290,435.8103448275862,0.9896551724137931,0.010344827586206917,849.4436090225564,0.9661654135338346,0.03383458646616544,326.021164021164,0.9338624338624338,0.06613756613756616
291,404.9689655172414,0.9827586206896551,0.017241379310344862,709.258064516129,0.942652329749104,0.05734767025089604,436.280193236715,0.9589371980676329,0.04106280193236711
292,425.5,0.9896551724137931,0.010344827586206917,779.3157894736842,0.9624060150375939,0.03759398496240607,299.1123595505618,0.9325842696629213,0.0674157303370787
293,488.5655172413793,0.9896551724137931,0.010344827586206917,757.2753623188406,0.9818840579710145,0.018115942028985477,543.6176470588235,0.9754901960784313,0.02450980392156865
294,463.72758620689655,0.9827586206896551,0.017241379310344862,857.1213235294117,0.9742647058823529,0.02573529411764708,350.9879518072289,0.946987951807229,0.053012048192771055
295,406.6137931034483,0.9862068965517241,0.01379310344827589,815.2518248175182,0.9927007299270073,0.007299270072992692,386.7121212121212,0.9570707070707071,0.04292929292929293
296,493.46206896551723,0.993103448275862,0.006896551724137945,846.2140221402213,0.9704797047970479,0.029520295202952074,352.29411764705884,0.9539641943734015,0.04603580562659848
298,454.5655172413793,1.0,0.0,862.3876811594203,0.9963768115942029,0.0036231884057971175,318.85911602209944,0.919889502762431,0.08011049723756902
299,469.52758620689656,0.996551724137931,0.0034482758620689724,790.7890909090909,0.9672727272727273,0.032727272727272716,333.0672853828306,0.925754060324826,0.07424593967517401
300,471.84137931034485,0.9862068965517241,0.01379310344827589,745.6785714285714,0.9928571428571429,0.0071428571428571175,375.1771844660194,0.9490291262135923,0.050970873786407744
301,389.5206896551724,0.996551724137931,0.0034482758620689724,636.6464285714286,0.9642857142857143,0.0357142857142857,450.320987654321,0.9827160493827161,0.01728395061728394
302,374.75432525951555,0.986159169550173,0.01384083044982698,628.2508960573476,0.9713261648745519,0.028673835125448077,354.56416464891043,0.9515738498789347,0.048426150121065326
303,378.1551724137931,0.9827586206896551,0.017241379310344862,692.3714285714286,0.9678571428571429,0.03214285714285714,438.5238095238095,0.9635854341736695,0.036414565826330514
304,416.548275862069,0.996551724137931,0.0034482758620689724,694.2928571428571,0.9892857142857143,0.010714285714285676,354.35011990407673,0.9568345323741008,0.043165467625899234
305,545.3379310344827,0.9482758620689655,0.051724137931034475,840.875939849624,0.9661654135338346,0.03383458646616544,350.6603325415677,0.9239904988123515,0.07600950118764849
306,483.94827586206895,0.993103448275862,0.006896551724137945,718.3201438848921,0.9928057553956835,0.007194244604316502,336.29756097560977,0.9707317073170731,0.029268292682926855
307,435.9206896551724,0.996551724137931,0.0034482758620689724,761.0964285714285,0.9928571428571429,0.0071428571428571175,351.38277511961724,0.9425837320574163,0.0574162679425837
308,529.2172413793104,0.993103448275862,0.006896551724137945,1036.3117408906883,0.97165991902834,0.028340080971659964,337.7869249394673,0.9322033898305084,0.06779661016949157
309,425.26206896551724,1.0,0.0,736.4802867383513,0.985663082437276,0.014336917562724039,493.9950372208437,0.9851116625310173,0.01488833746898266
310,466.5655172413793,1.0,0.0,868.9525547445255,0.9708029197080292,0.029197080291970767,410.96305418719214,0.9729064039408867,0.027093596059113323
312,454.7,0.9724137931034482,0.02758620689655178,666.0967741935484,0.9390681003584229,0.06093189964157708,522.5036855036855,0.9803439803439803,0.019656019656019708
313,464.5241379310345,0.9758620689655172,0.024137931034482807,800.6981818181819,0.9745454545454545,0.025454545454545507,425.90072639225184,0.9297820823244553,0.07021791767554475
314,512.4068965517241,0.9793103448275862,0.020689655172413834,775.7285714285714,0.9857142857142858,0.014285714285714235,373.4029850746269,0.917910447761194,0.08208955223880599
315,429.47241379310344,1.0,0.0,824.7169117647059,0.9742647058823529,0.02573529411764708,318.86744186046514,0.9232558139534883,0.07674418604651168
316,387.04137931034484,0.9827586206896551,0.017241379310344862,757.6581818181818,0.9381818181818182,0.06181818181818177,339.0995145631068,0.9320388349514563,0.06796116504854366
317,384.2241379310345,1.0,0.0,577.405017921147,0.9713261648745519,0.028673835125448077,288.36649214659684,0.9162303664921466,0.08376963350785338
318,480.29655172413794,1.0,0.0,1113.767716535433,0.9960629921259843,0.003937007874015741,358.1186440677966,0.9225181598062954,0.07748184019370463
319,492.50344827586207,0.9758620689655172,0.024137931034482807,767.9665427509294,0.8438661710037175,0.15613382899628248,382.04522613065325,0.9170854271356784,0.08291457286432158
320,402.6448275862069,0.9689655172413794,0.03103448275862064,846.9375,0.9889705882352942,0.011029411764705843,311.8673469387755,0.9311224489795918,0.06887755102040816
321,525.8541666666666,0.9756944444444444,0.02430555555555558,879.6277372262774,0.9416058394160584,0.058394160583941646,442.5509708737864,0.9660194174757282,0.03398058252427183
322,422.63448275862066,0.993103448275862,0.006896551724137945,707.9175627240144,0.978494623655914,0.021505376344086002,462.3211678832117,0.9683698296836983,0.031630170316301665
323,483.49655172413793,0.9655172413793104,0.03448275862068961,929.0766423357665,0.9671532846715328,0.03284671532846717,318.405684754522,0.9147286821705426,0.0852713178294574
324,475.06206896551726,0.9551724137931035,0.04482758620689653,706.8036363636363,0.9309090909090909,0.06909090909090909,324.2559366754617,0.9102902374670184,0.08970976253298157
325,522.5724137931035,0.996551724137931,0.0034482758620689724,859.5468164794007,0.9662921348314607,0.0337078651685393,403.62745098039215,0.9730392156862745,0.026960784313725505
326,531.4896551724138,0.9896551724137931,0.010344827586206917,722.3623188405797,0.9710144927536232,0.02898550724637683,427.08498583569406,0.9178470254957507,0.0821529745042493
327,435.1965517241379,0.996551724137931,0.0034482758620689724,635.3535714285714,0.9928571428571429,0.0071428571428571175,412.4485294117647,0.9803921568627451,0.019607843137254943
328,386.75432525951555,0.9826989619377162,0.01730103806228378,999.2074074074075,0.9481481481481482,0.051851851851851816,294.3478260869565,0.9043478260869565,0.09565217391304348
329,372.9413793103448,0.996551724137931,0.0034482758620689724,747.2607142857142,0.9714285714285714,0.02857142857142858,406.81400966183577,0.966183574879227,0.033816425120772986
330,382.81724137931036,0.9896551724137931,0.010344827586206917,752.3642857142858,0.9642857142857143,0.0357142857142857,342.67149758454104,0.9468599033816425,0.0531400966183575
331,388.1137931034483,0.9827586206896551,0.017241379310344862,599.3357142857143,0.9678571428571429,0.03214285714285714,321.4168797953964,0.9514066496163683,0.04859335038363166
332,553.9965517241379,0.9896551724137931,0.010344827586206917,656.8586956521739,0.9891304347826086,0.010869565217391353,317.36538461538464,0.9158653846153846,0.08413461538461542
333,356.37931034482756,0.996551724137931,0.0034482758620689724,664.8392857142857,0.9928571428571429,0.0071428571428571175,336.9292452830189,0.9410377358490566,0.05896226415094341
334,585.6172413793104,0.9896551724137931,0.010344827586206917,945.5880149812734,0.9812734082397003,0.01872659176029967,417.55120481927713,0.8975903614457831,0.10240963855421692
335,366.61034482758623,0.9896551724137931,0.010344827586206917,589.675,0.9607142857142857,0.03928571428571426,331.35696821515893,0.9388753056234719,0.06112469437652812
336,464.77241379310345,0.9758620689655172,0.024137931034482807,709.85,0.975,0.025000000000000022,344.775,0.9525,0.04749999999999999
337,539.744827586207,0.993103448275862,0.006896551724137945,740.4172661870504,0.9748201438848921,0.025179856115107868,347.08254716981133,0.9292452830188679,0.07075471698113212
338,426.1655172413793,0.9793103448275862,0.020689655172413834,955.8627450980392,0.9254901960784314,0.07450980392156858,414.00252525252523,0.9722222222222222,0.02777777777777779
339,364.30689655172415,0.9758620689655172,0.024137931034482807,592.1899641577061,0.9283154121863799,0.07168458781362008,486.5965770171149,0.9633251833740831,0.03667481662591687
340,360.28620689655173,0.9896551724137931,0.010344827586206917,581.9214285714286,0.9642857142857143,0.0357142857142857,326.53506493506495,0.9506493506493506,0.04935064935064937
341,418.3379310344828,0.993103448275862,0.006896551724137945,684.2753623188406,0.9806763285024155,0.019323671497584516,400.9781553398058,0.9684466019417476,0.03155339805825241
342,440.64827586206894,0.9689655172413794,0.03103448275862064,621.0827338129496,0.9640287769784173,0.03597122302158273,292.9504950495049,0.905940594059406,0.09405940594059403
343,444.8344827586207,0.9724137931034482,0.02758620689655178,741.786231884058,0.9601449275362319,0.03985507246376807,469.5558194774347,0.9477434679334917,0.052256532066508266
344,454.04137931034484,0.9689655172413794,0.03103448275862064,840.7810218978102,0.9562043795620438,0.04379562043795615,366.5,0.9393203883495146,0.06067961165048541
345,456.4793103448276,1.0,0.0,766.5,0.9928057553956835,0.007194244604316502,402.73333333333335,0.9851851851851852,0.014814814814814836
346,482.7448275862069,0.9827586206896551,0.017241379310344862,614.95,0.975,0.025000000000000022,377.4126213592233,0.9563106796116505,0.043689320388349495
347,396.0103448275862,0.9758620689655172,0.024137931034482807,583.9178571428571,0.95,0.050000000000000044,497.34653465346537,0.9900990099009901,0.00990099009900991
348,426.5689655172414,1.0,0.0,810.8453237410072,0.9712230215827338,0.02877697841726623,425.78921568627453,0.9730392156862745,0.026960784313725505
349,497.1241379310345,0.9862068965517241,0.01379310344827589,784.4480286738351,0.989247311827957,0.010752688172043001,500.7920792079208,0.9727722772277227,0.027227722772277252
350,535.0172413793103,1.0,0.0,853.8941605839416,1.0,0.0,477.9877750611247,0.9731051344743277,0.02689486552567233
351,491.4,0.9896551724137931,0.010344827586206917,778.7472924187725,0.9891696750902527,0.010830324909747335,321.53937947494035,0.9045346062052506,0.09546539379474939
352,615.048275862069,0.993103448275862,0.006896551724137945,919.6914498141264,0.9814126394052045,0.018587360594795488,506.23366834170855,0.9673366834170855,0.03266331658291455
353,466.19310344827585,0.996551724137931,0.0034482758620689724,688.2014388489208,0.9820143884892086,0.017985611510791366,333.49333333333334,0.9166666666666666,0.08333333333333337
354,347.17241379310343,1.0,0.0,582.0535714285714,0.9821428571428571,0.017857142857142905,343.3373786407767,0.941747572815534,0.058252427184465994
355,478.4862068965517,1.0,0.0,1080.2766990291261,1.0,0.0,459.90261282660333,0.9501187648456056,0.049881235154394354
356,470.0206896551724,0.9896551724137931,0.010344827586206917,824.7169117647059,0.9558823529411765,0.044117647058823484,349.03674540682414,0.94750656167979,0.05249343832021003
357,592.6827586206897,1.0,0.0,907.9705882352941,1.0,0.0,390.82107843137254,0.9803921568627451,0.019607843137254943
358,420.78275862068966,1.0,0.0,664.8214285714286,0.9678571428571429,0.03214285714285714,393.6079404466501,0.9925558312655087,0.007444168734491274
359,448.88965517241377,0.996551724137931,0.0034482758620689724,814.5379061371841,0.9783393501805054,0.02166064981949456,352.23222748815164,0.9360189573459715,0.06398104265402849
360,915.3931034482758,0.593103448275862,0.40689655172413797,835.9420289855072,0.9420289855072463,0.05797101449275366,297.4166666666667,0.9196428571428571,0.0803571428571429
361,430.42413793103447,0.9862068965517241,0.01379310344827589,752.4087591240876,0.9817518248175182,0.018248175182481785,475.1341463414634,0.973170731707317,0.02682926829268295
362,474.6034482758621,0.9793103448275862,0.020689655172413834,778.2996254681648,0.9550561797752809,0.0449438202247191,442.14334470989763,0.9283276450511946,0.07167235494880542
363,390.6275862068965,0.9896551724137931,0.010344827586206917,731.3082437275986,0.967741935483871,0.032258064516129004,353.66187050359713,0.9592326139088729,0.04076738609112707
364,655.2896551724137,0.9862068965517241,0.01379310344827589,970.3557312252965,0.9802371541501976,0.01976284584980237,474.46973365617436,0.9225181598062954,0.07748184019370463
365,405.36206896551727,0.9758620689655172,0.024137931034482807,743.8279569892474,0.9498207885304659,0.05017921146953408,301.04668304668303,0.9287469287469288,0.07125307125307123
366,453.51724137931035,1.0,0.0,833.9888059701492,0.9701492537313433,0.02985074626865669,337.0057471264368,0.9339080459770115,0.06609195402298851
367,573.5034482758621,0.993103448275862,0.006896551724137945,932.7811320754716,0.9924528301886792,0.007547169811320753,345.7648456057007,0.9239904988123515,0.07600950118764849
368,437.1655172413793,0.996551724137931,0.0034482758620689724,761.9390681003584,0.982078853046595,0.017921146953404965,361.9156327543424,0.9429280397022333,0.05707196029776673
369,403.0103448275862,0.9586206896551724,0.04137931034482756,795.5471014492754,0.9637681159420289,0.036231884057971064,413.78809523809525,0.9404761904761905,0.059523809523809534
370,437.20344827586206,0.9586206896551724,0.04137931034482756,769.6895306859205,0.9602888086642599,0.03971119133574008,330.7277108433735,0.9518072289156626,0.048192771084337394
371,394.0586206896552,0.9413793103448276,0.05862068965517242,625.5017921146954,0.8924731182795699,0.10752688172043012,376.58937198067633,0.9492753623188406,0.050724637681159424
372,408.3217993079585,0.9896193771626297,0.01038062283737029,721.5714285714286,0.9821428571428571,0.017857142857142905,351.22716049382717,0.9654320987654321,0.03456790123456788
373,472.6310344827586,0.9551724137931035,0.04482758620689653,909.2723880597015,0.9776119402985075,0.02238805970149249,399.6648199445983,0.9473684210526315,0.052631578947368474
374,443.13448275862066,0.9413793103448276,0.05862068965517242,889.4635036496351,0.9598540145985401,0.04014598540145986,365.6644736842105,0.9177631578947368,0.08223684210526316
375,453.81724137931036,0.996551724137931,0.0034482758620689724,952.5563909774436,0.9924812030075187,0.007518796992481258,334.21342925659474,0.947242206235012,0.052757793764988015
376,495.4,1.0,0.0,930.5162601626016,0.9715447154471545,0.028455284552845517,338.6266447368421,0.9457236842105263,0.05427631578947367
377,370.2,0.996551724137931,0.0034482758620689724,631.4071428571428,0.9821428571428571,0.017857142857142905,321.78985507246375,0.9396135265700483,0.06038647342995174
378,480.74827586206897,0.996551724137931,0.0034482758620689724,817.032967032967,0.9487179487179487,0.05128205128205132,309.49538461538464,0.9015384615384615,0.09846153846153849
379,476.58620689655174,0.9758620689655172,0.024137931034482807,725.7934782608696,0.9347826086956522,0.06521739130434778,414.21415607985483,0.9183303085299456,0.08166969147005443
380,390.8965517241379,0.9896551724137931,0.010344827586206917,698.9928571428571,0.9857142857142858,0.014285714285714235,286.5401662049861,0.9196675900277008,0.08033240997229918
381,510.8448275862069,0.9689655172413794,0.03103448275862064,858.2172284644195,0.9325842696629213,0.0674157303370787,301.44736842105266,0.9415204678362573,0.05847953216374269
382,402.26206896551724,0.996551724137931,0.0034482758620689724,749.7765567765567,0.9633699633699634,0.03663003663003661,348.36650485436894,0.9490291262135923,0.050970873786407744
383,480.59655172413795,0.993103448275862,0.006896551724137945,717.336917562724,0.974910394265233,0.02508960573476704,339.7439024390244,0.9536585365853658,0.04634146341463419
384,458.2655172413793,0.993103448275862,0.006896551724137945,739.65,0.975,0.025000000000000022,383.0339805825243,0.970873786407767,0.029126213592232997
385,437.5896551724138,0.993103448275862,0.006896551724137945,662.1535714285715,0.9678571428571429,0.03214285714285714,364.15960099750623,0.9675810473815462,0.032418952618453845
386,361.37471264367815,0.9885057471264368,0.011494252873563204,627.6047619047619,0.9428571428571428,0.05714285714285716,324.06825396825394,0.946031746031746,0.053968253968254
387,507.55172413793105,0.9839080459770115,0.016091954022988464,942.8296296296296,0.9728395061728395,0.02716049382716046,349.3359746434231,0.9223454833597464,0.07765451664025358
388,532.0827586206897,0.9954022988505747,0.0045977011494252595,811.8897058823529,0.9803921568627451,0.019607843137254943,331.74322169059013,0.9505582137161085,0.04944178628389151
389,494.1310344827586,0.9954022988505747,0.0045977011494252595,838.1183574879227,0.9154589371980676,0.08454106280193241,359.25925925925924,0.9212962962962963,0.07870370370370372
390,365.7816091954023,0.9954022988505747,0.0045977011494252595,626.7673860911272,0.9328537170263789,0.06714628297362113,338.7227722772277,0.9653465346534653,0.034653465346534684
391,432.3287356321839,0.9908045977011494,0.00919540229885063,867.3975308641975,0.9604938271604938,0.03950617283950619,329.1873990306947,0.9353796445880452,0.06462035541195477
392,422.6574712643678,0.9494252873563218,0.05057471264367819,811.7916666666666,0.9313725490196079,0.06862745098039214,352.1221719457014,0.9253393665158371,0.07466063348416285
393,490.82528735632184,0.9862068965517241,0.01379310344827589,708.0695443645084,0.9664268585131894,0.033573141486810565,442.71031096563013,0.9705400981996727,0.029459901800327315
394,430.58620689655174,0.9885057471264368,0.011494252873563204,616.1217183770883,0.9522673031026253,0.04773269689737469,509.75849731663686,0.9713774597495528,0.028622540250447193
395,431.44367816091955,0.9885057471264368,0.011494252873563204,738.8252427184466,0.9466019417475728,0.05339805825242716,381.4856687898089,0.9538216560509554,0.04617834394904463
396,374.7494252873563,0.9563218390804598,0.04367816091954024,654.2081339712919,0.9330143540669856,0.06698564593301437,300.48854961832063,0.916030534351145,0.08396946564885499
397,454.2896551724138,0.9885057471264368,0.011494252873563204,777.5797101449275,0.9685990338164251,0.03140096618357491,346.8307155322862,0.93717277486911,0.06282722513089001
398,356.1609195402299,0.9793103448275862,0.020689655172413834,602.5059665871122,0.9355608591885441,0.06443914081145585,267.1108490566038,0.9056603773584906,0.09433962264150941
399,397.383908045977,0.9885057471264368,0.011494252873563204,678.7918660287081,0.9593301435406698,0.04066985645933019,368.2607709750567,0.9455782312925171,0.05442176870748294
401,481.383908045977,0.9885057471264368,0.011494252873563204,752.3621103117506,0.9592326139088729,0.04076738609112707,304.7616487455197,0.9265232974910395,0.07347670250896055
402,387.4574712643678,0.9402298850574713,0.05977011494252871,618.0738095238095,0.9523809523809523,0.04761904761904767,345.80895008605853,0.9535283993115319,0.04647160068846812
403,543.5034482758621,0.9448275862068966,0.05517241379310345,825.4160583941606,0.9586374695863747,0.041362530413625254,310.9746621621622,0.9206081081081081,0.07939189189189189
404,538.3057471264368,0.967816091954023,0.03218390804597704,752.3768115942029,0.9637681159420289,0.036231884057971064,492.9675090252708,0.9422382671480144,0.0577617328519856
405,436.632183908046,0.9908045977011494,0.00919540229885063,828.4830917874397,0.9734299516908212,0.02657004830917875,349.7401709401709,0.9316239316239316,0.06837606837606836
406,367.5080459770115,0.9954022988505747,0.0045977011494252595,678.2666666666667,0.9642857142857143,0.0357142857142857,340.6320907617504,0.965964343598055,0.03403565640194495
407,357.0183908045977,0.9793103448275862,0.020689655172413834,620.61004784689,0.9401913875598086,0.05980861244019142,372.26256077795784,0.9724473257698542,0.027552674230145846
408,387.0414746543779,0.9838709677419355,0.016129032258064502,844.6593673965937,0.9391727493917275,0.06082725060827254,418.2792642140468,0.9632107023411371,0.03678929765886285
410,439.5241379310345,0.9977011494252873,0.0022988505747126853,702.2047619047619,0.9952380952380953,0.004761904761904745,516.6998341625207,0.9933665008291874,0.0066334991708125735
411,395.02758620689656,0.9862068965517241,0.01379310344827589,718.2608695652174,0.9492753623188406,0.050724637681159424,321.78135048231513,0.9565916398713826,0.043408360128617374
412,363.20459770114945,0.9540229885057471,0.04597701149425293,621.702380952381,0.969047619047619,0.030952380952380953,297.17452830188677,0.9371069182389937,0.06289308176100628
413,374.8045977011494,0.9816091954022989,0.01839080459770115,868.1017811704835,0.9414758269720102,0.058524173027989845,385.65491651205934,0.9424860853432282,0.0575139146567718
414,533.1425287356321,0.9977011494252873,0.0022988505747126853,845.7894736842105,0.968421052631579,0.03157894736842104,456.92524916943523,0.973421926910299,0.02657807308970095
415,473.1080459770115,0.9954022988505747,0.0045977011494252595,709.2632850241546,0.961352657004831,0.03864734299516903,429.06379585326954,0.9537480063795853,0.046251993620414655
416,536.5218390804598,0.9885057471264368,0.011494252873563204,694.6014492753624,0.9758454106280193,0.024154589371980673,308.81366459627327,0.9316770186335404,0.06832298136645965
417,394.2919540229885,0.9839080459770115,0.016091954022988464,1159.575596816976,0.9840848806366048,0.01591511936339518,268.10831234256926,0.8942065491183879,0.10579345088161207
418,463.06436781609193,1.0,0.0,873.4095238095238,0.9952380952380953,0.004761904761904745,346.500826446281,0.9851239669421488,0.014876033057851235
419,410.8689655172414,0.9954022988505747,0.0045977011494252595,825.9429280397022,0.9602977667493796,0.03970223325062039,352.17518248175185,0.9452554744525548,0.054744525547445244
420,522.1586206896552,0.9954022988505747,0.0045977011494252595,879.9847328244275,0.9847328244274809,0.01526717557251911,358.9516129032258,0.9451612903225807,0.05483870967741933
421,397.78620689655173,0.9908045977011494,0.00919540229885063,614.3803827751196,0.9473684210526315,0.052631578947368474,473.83985102420854,0.9664804469273743,0.03351955307262566
422,438.364896073903,0.9561200923787528,0.04387990762124716,748.0506024096386,0.9397590361445783,0.06024096385542166,309.3162393162393,0.9252136752136753,0.07478632478632474
423,485.2022988505747,0.9885057471264368,0.011494252873563204,907.2634146341463,0.975609756097561,0.024390243902439046,336.2399355877617,0.9404186795491143,0.05958132045088571
424,454.88965517241377,0.9885057471264368,0.011494252873563204,640.9190476190477,0.9380952380952381,0.06190476190476191,408.5853242320819,0.9419795221843004,0.058020477815699634
425,483.34022988505745,0.9954022988505747,0.0045977011494252595,759.330900243309,0.9635036496350365,0.03649635036496346,346.01311475409835,0.9311475409836065,0.06885245901639347
426,560.9816091954023,0.9954022988505747,0.0045977011494252595,797.1937046004842,0.9249394673123487,0.07506053268765134,431.6649214659686,0.956369982547993,0.04363001745200701
427,404.27944572748265,0.9792147806004619,0.020785219399538146,682.4796163069544,0.9400479616306955,0.05995203836930452,332.67993366500826,0.9469320066334992,0.05306799336650081
428,430.49655172413793,1.0,0.0,723.8937198067633,0.9806763285024155,0.019323671497584516,327.81803005008345,0.9348914858096828,0.06510851419031716
429,386.00696055684455,0.9651972157772621,0.03480278422273786,578.5547619047619,0.9380952380952381,0.06190476190476191,304.0131578947368,0.9191729323308271,0.08082706766917291
431,410.13563218390806,1.0,0.0,752.5917874396135,0.9782608695652174,0.021739130434782594,313.5347912524851,0.9125248508946322,0.0874751491053678
432,432.18390804597703,1.0,0.0,671.6404761904762,0.9809523809523809,0.01904761904761909,383.02446982055466,0.9510603588907015,0.04893964110929849
433,408.53793103448277,0.9977011494252873,0.0022988505747126853,692.031175059952,0.9664268585131894,0.033573141486810565,346.97906602254426,0.9436392914653784,0.056360708534621606
434,365.96543778801845,0.9953917050691244,0.004608294930875556,636.6428571428571,0.9952380952380953,0.004761904761904745,348.54649265905385,0.9787928221859706,0.021207177814029365
435,375.3333333333333,0.9885057471264368,0.011494252873563204,732.3653846153846,0.9615384615384616,0.038461538461538436,358.61378205128204,0.9471153846153846,0.05288461538461542
436,484.31954022988504,0.9816091954022989,0.01839080459770115,882.6448362720403,0.9773299748110831,0.02267002518891692,299.7629482071713,0.9163346613545816,0.08366533864541836
437,450.6666666666667,0.9862068965517241,0.01379310344827589,829.619512195122,0.9829268292682927,0.017073170731707332,414.0066334991708,0.9701492537313433,0.02985074626865669
438,409.8229885057471,0.9954022988505747,0.0045977011494252595,675.3525179856115,0.9424460431654677,0.05755395683453235,415.0194805194805,0.9675324675324676,0.03246753246753242
439,415.3264367816092,0.9908045977011494,0.00919540229885063,632.5441527446301,0.9713603818615751,0.02863961813842486,288.22222222222223,0.9223985890652557,0.07760141093474426
441,429.2919540229885,1.0,0.0,671.2523809523809,0.9904761904761905,0.00952380952380949,402.33660130718954,0.9689542483660131,0.03104575163398693
442,349.82988505747124,0.8896551724137931,0.1103448275862069,566.245238095238,0.9047619047619048,0.09523809523809523,309.9981132075472,0.9113207547169812,0.08867924528301885
443,397.6229885057471,0.9885057471264368,0.011494252873563204,669.4152744630071,0.9594272076372315,0.04057279236276845,374.2151394422311,0.9362549800796812,0.06374501992031878
444,524.1034482758621,0.9839080459770115,0.016091954022988464,870.5945945945946,0.9216216216216216,0.07837837837837835,293.771186440678,0.9088983050847458,0.09110169491525422
445,414.81609195402297,1.0,0.0,786.3258145363409,0.9624060150375939,0.03759398496240607,288.62566844919786,0.9340463458110517,0.06595365418894827
446,454.07586206896553,0.9954022988505747,0.0045977011494252595,760.1185185185185,0.9358024691358025,0.06419753086419755,325.6689419795222,0.9215017064846417,0.07849829351535831
447,508.03218390804597,0.9908045977011494,0.00919540229885063,681.1833333333333,0.9738095238095238,0.02619047619047621,382.88121990369183,0.9518459069020867,0.0481540930979133
448,449.51724137931035,0.993103448275862,0.006896551724137945,653.3857142857142,0.9642857142857143,0.0357142857142857,309.7919191919192,0.9151515151515152,0.08484848484848484
449,475.23218390804595,0.9954022988505747,0.0045977011494252595,895.8778054862843,0.972568578553616,0.027431421446383997,416.5563025210084,0.9546218487394958,0.04537815126050415
450,515.0045977011495,0.9816091954022989,0.01839080459770115,620.272076372315,0.9594272076372315,0.04057279236276845,433.31404958677683,0.9570247933884297,0.04297520661157028
451,504.24597701149423,0.9862068965517241,0.01379310344827589,611.6409638554217,0.983132530120482,0.016867469879518038,384.33666666666664,0.9716666666666667,0.02833333333333332
452,413.85977011494253,1.0,0.0,662.7434052757794,0.9592326139088729,0.04076738609112707,340.0504885993485,0.9641693811074918,0.03583061889250816
453,401.4574712643678,0.9655172413793104,0.03448275862068961,665.7668269230769,0.9278846153846154,0.07211538461538458,356.3222591362126,0.9501661129568106,0.04983388704318936
455,418.85057471264366,0.9540229885057471,0.04597701149425293,745.5936739659368,0.9562043795620438,0.04379562043795615,336.41156462585036,0.9183673469387755,0.08163265306122447
456,410.0633802816901,0.9671361502347418,0.032863849765258246,824.7261613691932,0.9462102689486552,0.05378973105134477,344.07246376811594,0.9510869565217391,0.048913043478260865
457,422.3609195402299,0.9954022988505747,0.0045977011494252595,681.8321342925659,0.8992805755395683,0.1007194244604317,346.8164556962025,0.9493670886075949,0.05063291139240511
458,476.88505747126436,0.9908045977011494,0.00919540229885063,643.3317422434368,0.9832935560859188,0.01670644391408116,344.02131147540985,0.9590163934426229,0.040983606557377095
459,398.9908045977011,0.960919540229885,0.039080459770114984,684.1241050119331,0.9403341288782816,0.059665871121718395,346.2854578096948,0.947935368043088,0.05206463195691202
460,420.0206896551724,0.993103448275862,0.006896551724137945,675.7166666666667,0.9880952380952381,0.011904761904761862,509.6317512274959,0.9787234042553191,0.021276595744680882
461,445.30574712643676,0.9816091954022989,0.01839080459770115,791.40625,0.9471153846153846,0.05288461538461542,349.20242214532874,0.9359861591695502,0.06401384083044981
462,453.59080459770115,0.9816091954022989,0.01839080459770115,846.6887254901961,0.9656862745098039,0.03431372549019607,391.6184538653367,0.8977556109725686,0.10224438902743138
464,396.4413793103448,0.9862068965517241,0.01379310344827589,613.1363636363636,0.9641148325358851,0.03588516746411485,380.1014492753623,0.9597423510466989,0.040257648953301084
465,396.4735632183908,0.9839080459770115,0.016091954022988464,630.8966346153846,0.9615384615384616,0.038461538461538436,304.81833060556465,0.9443535188216039,0.0556464811783961
466,423.7471264367816,0.993103448275862,0.006896551724137945,647.5956937799043,0.9641148325358851,0.03588516746411485,481.6274834437086,0.9867549668874173,0.013245033112582738
467,391.0551724137931,0.996551724137931,0.0034482758620689724,804.3713592233009,0.9490291262135923,0.050970873786407744,401.8963855421687,0.963855421686747,0.03614457831325302
468,415.96206896551723,1.0,0.0,738.5340501792115,0.985663082437276,0.014336917562724039,328.2857142857143,0.9612590799031477,0.03874092009685226
469,469.1908045977012,0.9885057471264368,0.011494252873563204,794.9322033898305,0.9539951573849879,0.04600484261501214,376.2985865724382,0.950530035335689,0.04946996466431097
471,369.60919540229884,0.9862068965517241,0.01379310344827589,554.6309523809524,0.9523809523809523,0.04761904761904767,306.10543130990413,0.9249201277955271,0.07507987220447288
472,433.06436781609193,0.9954022988505747,0.0045977011494252595,634.3357142857143,0.9571428571428572,0.042857142857142816,329.17703349282294,0.9553429027113237,0.044657097288676284
473,402.96321839080457,0.9954022988505747,0.0045977011494252595,601.3612440191388,0.9641148325358851,0.03588516746411485,334.32698412698414,0.9507936507936507,0.049206349206349254
474,404.88045977011495,0.9885057471264368,0.011494252873563204,814.5012406947891,0.9702233250620348,0.02977667493796521,391.95418641390205,0.9447077409162717,0.05529225908372826
475,482.8137931034483,0.9954022988505747,0.0045977011494252595,753.1026894865525,0.9511002444987775,0.0488997555012225,379.08375209380233,0.9547738693467337,0.045226130653266305
476,418.25747126436784,0.967816091954023,0.03218390804597704,634.6666666666666,0.9616306954436451,0.0383693045563549,326.2404006677796,0.9315525876460768,0.06844741235392315
477,475.28735632183907,0.9977011494252873,0.0022988505747126853,822.034398034398,0.9877149877149877,0.012285012285012331,357.13680781758956,0.9739413680781759,0.026058631921824116
478,425.2390804597701,0.9770114942528736,0.02298850574712641,741.8923444976076,0.9258373205741627,0.07416267942583732,423.6855241264559,0.9517470881863561,0.048252911813643884
479,359.60459770114943,0.9770114942528736,0.02298850574712641,578.6578947368421,0.9330143540669856,0.06698564593301437,300.9757673667205,0.9466882067851373,0.05331179321486268
480,396.4413793103448,0.9724137931034482,0.02758620689655178,780.6794258373205,0.9545454545454546,0.045454545454545414,367.22682119205297,0.9586092715231788,0.04139072847682124
481,386.75632183908044,0.9954022988505747,0.0045977011494252595,644.8281622911694,0.9618138424821002,0.03818615751789978,374.96607431340874,0.9693053311793215,0.030694668820678506
482,316.1310344827586,0.9816091954022989,0.01839080459770115,572.2214285714285,0.9595238095238096,0.04047619047619044,321.9086460032626,0.965742251223491,0.034257748776509
483,424.8,0.993103448275862,0.006896551724137945,855.0296296296297,0.9185185185185185,0.08148148148148149,319.82828282828285,0.9343434343434344,0.06565656565656564
484,396.0045977011494,0.9770114942528736,0.02298850574712641,674.4492753623189,0.961352657004831,0.03864734299516903,375.75854214123007,0.9362186788154897,0.0637813211845103
